key, ptw_scale     
nc231213_Sn_id0001, 0.6801001514957572
nc231213_Sn_id0002, 0.8857125657530391
nc231213_Sn_id0003, 1.3704107206880365
nc231213_Sn_id0004, 1.942397523189418
nc231213_Sn_id0005, 0.3388458675497488
nc231213_Sn_id0006, 0.39685117883053583
nc231213_Sn_id0007, 0.8914386114046642
nc231213_Sn_id0008, 0.6935550076436151
nc231213_Sn_id0009, 1.396591083575183
nc231213_Sn_id0010, 1.0297561588029636
nc231213_Sn_id0011, 1.7164242603006743
nc231213_Sn_id0012, 1.167278931532636
nc231213_Sn_id0013, 1.3735352629886117
nc231213_Sn_id0014, 1.2542768810311624
nc231213_Sn_id0015, 1.3472696715845522
nc231213_Sn_id0016, 1.5806278246531216
nc231213_Sn_id0017, 0.8213809377761396
nc231213_Sn_id0018, 1.5035103899503337
nc231213_Sn_id0019, 0.9919672065867919
nc231213_Sn_id0020, 0.9213666069498454
nc231213_Sn_id0021, 1.876570495
nc231213_Sn_id0022, 1.398400556798287
nc231213_Sn_id0023, 0.6167585293484457
nc231213_Sn_id0024, 1.6666715114459456
nc231213_Sn_id0025, 1.1709155769311514
nc231213_Sn_id0026, 0.5118076047198041
nc231213_Sn_id0027, 0.7659960162396457
nc231213_Sn_id0028, 0.8580090537367301
nc231213_Sn_id0029, 1.5162058080905696
nc231213_Sn_id0030, 0.8544113166126528
nc231213_Sn_id0031, 1.5283298277480157
nc231213_Sn_id0032, 0.5631440794544105
nc231213_Sn_id0033, 1.4256439283666547
nc231213_Sn_id0034, 0.30410293185235077
nc231213_Sn_id0035, 0.4238391791520789
nc231213_Sn_id0036, 1.8089615997702715
nc231213_Sn_id0037, 1.0565308210672326
nc231213_Sn_id0038, 1.586021636133178
nc231213_Sn_id0039, 1.366686668116952
nc231213_Sn_id0040, 0.8790905537078053
nc231213_Sn_id0041, 0.6412676883154795
nc231213_Sn_id0042, 0.35072120885695574
nc231213_Sn_id0043, 1.7005844840313347
nc231213_Sn_id0044, 0.7549987050652206
nc231213_Sn_id0045, 0.49507061767925775
nc231213_Sn_id0046, 0.6211219014618736
nc231213_Sn_id0047, 0.7532584130015008
nc231213_Sn_id0048, 1.3851731217884553
nc231213_Sn_id0049, 1.493946169538708
nc231213_Sn_id0050, 1.7971535750074685
nc231213_Sn_id0051, 0.4548371270529974
nc231213_Sn_id0052, 1.4379897343164918
nc231213_Sn_id0053, 1.074777380576047
nc231213_Sn_id0054, 1.1237254241240842
nc231213_Sn_id0055, 1.7056655360253647
nc231213_Sn_id0056, 0.42810124675752304
nc231213_Sn_id0057, 0.5155760783059739
nc231213_Sn_id0058, 1.333618574977466
nc231213_Sn_id0059, 1.743584050678478
nc231213_Sn_id0060, 1.3602200889800118
nc231213_Sn_id0061, 1.3560130640705768
nc231213_Sn_id0062, 0.8139318653947955
nc231213_Sn_id0063, 0.5271104059854003
nc231213_Sn_id0064, 1.3246610597066255
nc231213_Sn_id0065, 0.8710902506644826
nc231213_Sn_id0066, 1.5400787891100782
nc231213_Sn_id0067, 1.0063056813826359
nc231213_Sn_id0068, 1.8478185855579172
nc231213_Sn_id0069, 1.068495188010378
nc231213_Sn_id0070, 0.38792935693482444
nc231213_Sn_id0071, 1.6199239178816636
nc231213_Sn_id0072, 1.468091456504443
nc231213_Sn_id0073, 1.0838559058937518
nc231213_Sn_id0074, 1.3336180286052473
nc231213_Sn_id0075, 1.2468631673519361
nc231213_Sn_id0076, 1.0645074761045428
nc231213_Sn_id0077, 0.746396495
nc231213_Sn_id0078, 1.9590693498378735
nc231213_Sn_id0079, 0.5880248547763856
nc231213_Sn_id0080, 1.8240379045596415
nc231213_Sn_id0081, 1.3759815334444585
nc231213_Sn_id0082, 0.44725539084013044
nc231213_Sn_id0083, 1.8160283606112286
nc231213_Sn_id0084, 1.368423966935703
nc231213_Sn_id0085, 1.6609211579200533
nc231213_Sn_id0086, 1.577876804651774
nc231213_Sn_id0087, 0.7891720480258483
nc231213_Sn_id0088, 0.7113784055123522
nc231213_Sn_id0089, 0.27561646729670486
nc231213_Sn_id0090, 0.43431283988678504
nc231213_Sn_id0091, 0.9337882798113387
nc231213_Sn_id0092, 0.9131938388657819
nc231213_Sn_id0093, 0.6041021705522777
nc231213_Sn_id0094, 1.9012166760550577
nc231213_Sn_id0095, 1.7343512786529474
nc231213_Sn_id0096, 1.07477513
nc231213_Sn_id0097, 1.1053839117202557
nc231213_Sn_id0098, 1.064409082164052
nc231213_Sn_id0099, 0.528026664
nc231213_Sn_id0100, 0.2662587978720736
nc231213_Sn_id0101, 0.3505334335500847
nc231213_Sn_id0102, 1.8673492230462072
nc231213_Sn_id0103, 0.7364195430205798
nc231213_Sn_id0104, 1.117933553
nc231213_Sn_id0105, 1.7706259208455661
nc231213_Sn_id0106, 1.5918020846122964
nc231213_Sn_id0107, 0.810435472
nc231213_Sn_id0108, 1.513083042000474
nc231213_Sn_id0109, 1.5320958644799343
nc231213_Sn_id0110, 1.7110640757491054
nc231213_Sn_id0111, 1.5437446468983533
nc231213_Sn_id0112, 1.3883397532039616
nc231213_Sn_id0113, 1.5151664833202334
nc231213_Sn_id0114, 1.8368158222965112
nc231213_Sn_id0115, 0.9388659498166053
nc231213_Sn_id0116, 0.9720813029628768
nc231213_Sn_id0117, 0.7796116613360984
nc231213_Sn_id0118, 0.917890518
nc231213_Sn_id0119, 1.0241220993543019
nc231213_Sn_id0120, 1.4453597074288729
nc231213_Sn_id0121, 1.676032260378073
nc231213_Sn_id0122, 0.909792406
nc231213_Sn_id0123, 1.879153253364793
nc231213_Sn_id0124, 1.7364908129078722
nc231213_Sn_id0125, 1.699325709117208
nc231213_Sn_id0126, 0.4169564212293724
nc231213_Sn_id0127, 1.7276302393140945
nc231213_Sn_id0128, 0.39172264841202636
nc231213_Sn_id0129, 0.36143076143002995
nc231213_Sn_id0130, 1.7618324898529982
nc231213_Sn_id0131, 0.5992519720435027
nc231213_Sn_id0132, 1.3213897927032403
nc231213_Sn_id0133, 1.8689232336809678
nc231213_Sn_id0134, 1.6582794532009548
nc231213_Sn_id0135, 0.6682031664949756
nc231213_Sn_id0136, 1.636240072147518
nc231213_Sn_id0137, 1.6887655957188705
nc231213_Sn_id0138, 1.5227858468345556
nc231213_Sn_id0139, 1.289932995792335
nc231213_Sn_id0140, 0.2534406428546001
nc231213_Sn_id0141, 1.3965987427685775
nc231213_Sn_id0142, 1.7680753703822403
nc231213_Sn_id0143, 1.3228495553636381
nc231213_Sn_id0144, 0.5772505933005766
nc231213_Sn_id0145, 1.9909246056159289
nc231213_Sn_id0146, 0.9219623976752562
nc231213_Sn_id0147, 1.854472846608608
nc231213_Sn_id0148, 1.8044573805209052
nc231213_Sn_id0149, 1.3143762782320618
nc231213_Sn_id0150, 1.664816923097766
nc231213_Sn_id0151, 0.3588461404250202
nc231213_Sn_id0152, 0.2612474958322044
nc231213_Sn_id0153, 1.2680304110791552
nc231213_Sn_id0154, 1.3723841229337266
nc231213_Sn_id0155, 0.4728127272958217
nc231213_Sn_id0156, 1.306272276987999
nc231213_Sn_id0157, 1.1087407969110847
nc231213_Sn_id0158, 1.0120861731263626
nc231213_Sn_id0159, 1.8632985120116603
nc231213_Sn_id0160, 0.5288665831259871
nc231213_Sn_id0161, 0.853326888
nc231213_Sn_id0162, 0.48387486803450563
nc231213_Sn_id0163, 1.257219799809334
nc231213_Sn_id0164, 1.6770490926289754
nc231213_Sn_id0165, 1.714578106180911
nc231213_Sn_id0166, 1.5358242049118132
nc231213_Sn_id0167, 0.27315192288929957
nc231213_Sn_id0168, 0.36397057120533005
nc231213_Sn_id0169, 1.5779140949727093
nc231213_Sn_id0170, 0.9230402279755604
nc231213_Sn_id0171, 1.8187178597788598
nc231213_Sn_id0172, 1.4855970418437074
nc231213_Sn_id0173, 1.581016521016445
nc231213_Sn_id0174, 1.812803358334127
nc231213_Sn_id0175, 0.30449972481399734
nc231213_Sn_id0176, 0.7421944746546973
nc231213_Sn_id0177, 0.5396154825466783
nc231213_Sn_id0178, 1.2598006036513314
nc231213_Sn_id0179, 1.8080930726953042
nc231213_Sn_id0180, 1.963700578568677
nc231213_Sn_id0181, 1.5557831330679481
nc231213_Sn_id0182, 0.2694838473334302
nc231213_Sn_id0183, 1.043596930179903
nc231213_Sn_id0184, 0.5957953258043222
nc231213_Sn_id0185, 0.977153769
nc231213_Sn_id0186, 0.3451394071671906
nc231213_Sn_id0187, 0.38294273262939016
nc231213_Sn_id0188, 0.7425614132181495
nc231213_Sn_id0189, 1.7381904290653387
nc231213_Sn_id0190, 1.5734575940033104
nc231213_Sn_id0191, 1.9099074196977919
nc231213_Sn_id0192, 0.3110918648208843
nc231213_Sn_id0193, 0.5830900603348312
nc231213_Sn_id0194, 1.5253942934233677
nc231213_Sn_id0195, 1.0100339381655297
nc231213_Sn_id0196, 1.9765367790828647
nc231213_Sn_id0197, 0.3553171376560026
nc231213_Sn_id0198, 0.9086992937212099
nc231213_Sn_id0199, 0.5621122732894951
nc231213_Sn_id0200, 1.0715442664413934
nc231213_Sn_id0201, 0.27804891059008136
nc231213_Sn_id0202, 0.6958965440768521
nc231213_Sn_id0203, 1.392850547936388
nc231213_Sn_id0204, 0.6479278850345984
nc231213_Sn_id0205, 1.3539630254939503
nc231213_Sn_id0206, 1.9368439787587668
nc231213_Sn_id0207, 1.1507031442316291
nc231213_Sn_id0208, 1.5686618871716205
nc231213_Sn_id0209, 1.1334400961201987
nc231213_Sn_id0210, 0.8968232514844534
nc231213_Sn_id0211, 0.5916721133186154
nc231213_Sn_id0212, 1.0831905256596421
nc231213_Sn_id0213, 1.8472561305592157
nc231213_Sn_id0214, 1.8301080789016821
nc231213_Sn_id0215, 1.7331579668333281
nc231213_Sn_id0216, 1.9303414491128716
nc231213_Sn_id0217, 0.5264589446157617
nc231213_Sn_id0218, 1.7453455338540953
nc231213_Sn_id0219, 0.658297092
nc231213_Sn_id0220, 1.8191547706171471
nc231213_Sn_id0221, 1.0271974123279486
nc231213_Sn_id0222, 0.6918623477909894
nc231213_Sn_id0223, 0.5439043032644755
nc231213_Sn_id0224, 0.604093302
nc231213_Sn_id0225, 1.7412055829189408
nc231213_Sn_id0226, 1.931847819849815
nc231213_Sn_id0227, 0.9374070719990432
nc231213_Sn_id0228, 0.8771631524501237
nc231213_Sn_id0229, 0.309339433
nc231213_Sn_id0230, 0.8704503156630269
nc231213_Sn_id0231, 1.700927660071372
nc231213_Sn_id0232, 0.9869913283135898
nc231213_Sn_id0233, 1.2825790609744405
nc231213_Sn_id0234, 1.326231545468643
nc231213_Sn_id0235, 1.5386535778874753
nc231213_Sn_id0236, 0.61104127
nc231213_Sn_id0237, 0.8391433681214757
nc231213_Sn_id0238, 1.9385580685262187
nc231213_Sn_id0239, 1.8067282928543027
nc231213_Sn_id0240, 0.3721632912492685
nc231213_Sn_id0241, 1.6280748747073566
nc231213_Sn_id0242, 1.4715762652430708
nc231213_Sn_id0243, 1.3987460009630845
nc231213_Sn_id0244, 1.3053990290986588
nc231213_Sn_id0245, 1.7081694309517492
nc231213_Sn_id0246, 1.1810835964051196
nc231213_Sn_id0247, 1.8258106889423187
nc231213_Sn_id0248, 0.8140353083611626
nc231213_Sn_id0249, 0.8971060493896381
nc231213_Sn_id0250, 0.9767662505257552
nc231213_Sn_id0251, 0.6124229325795993
nc231213_Sn_id0252, 1.3636468800885564
nc231213_Sn_id0253, 0.8538474839359596
nc231213_Sn_id0254, 0.656322338
nc231213_Sn_id0255, 0.6141089160873668
nc231213_Sn_id0256, 0.6668869553841252
nc231213_Sn_id0257, 0.26161233107960596
nc231213_Sn_id0258, 0.7848725963133714
nc231213_Sn_id0259, 1.851876564540016
nc231213_Sn_id0260, 1.7476593998788277
nc231213_Sn_id0261, 0.3417255706994101
nc231213_Sn_id0262, 1.321379384196658
nc231213_Sn_id0263, 1.1892301039385005
nc231213_Sn_id0264, 1.4655115685858866
nc231213_Sn_id0265, 0.38098068169181565
nc231213_Sn_id0266, 1.5457349765013997
nc231213_Sn_id0267, 0.781981083
nc231213_Sn_id0268, 0.4680653061750278
nc231213_Sn_id0269, 1.1063495050868113
nc231213_Sn_id0270, 1.2019271159021336
nc231213_Sn_id0271, 1.7404042461150957
nc231213_Sn_id0272, 1.7169017807545914
nc231213_Sn_id0273, 1.4761482567857556
nc231213_Sn_id0274, 1.8436474054938934
nc231213_Sn_id0275, 0.624852816
nc231213_Sn_id0276, 0.8296970372416518
nc231213_Sn_id0277, 1.3351798160647197
nc231213_Sn_id0278, 0.7582437922670182
nc231213_Sn_id0279, 0.8496157838506615
nc231213_Sn_id0280, 1.6678561118039645
nc231213_Sn_id0281, 1.1132639387576624
nc231213_Sn_id0282, 0.9846612889682196
nc231213_Sn_id0283, 0.8397569646288677
nc231213_Sn_id0284, 1.5787429446299877
nc231213_Sn_id0285, 1.682618233
nc231213_Sn_id0286, 0.3751759343814737
nc231213_Sn_id0287, 0.7550661363479964
nc231213_Sn_id0288, 1.4730055905319097
nc231213_Sn_id0289, 1.9958925004733719
nc231213_Sn_id0290, 1.729674605906855
nc231213_Sn_id0291, 0.6203021771904734
nc231213_Sn_id0292, 1.024716383179256
nc231213_Sn_id0293, 1.9169758961850607
nc231213_Sn_id0294, 0.28098789383260103
nc231213_Sn_id0295, 0.6657907214083356
nc231213_Sn_id0296, 1.2270070012747867
nc231213_Sn_id0297, 0.7750467504460538
nc231213_Sn_id0298, 1.8115577442770967
nc231213_Sn_id0299, 0.8742330810724767
nc231213_Sn_id0300, 1.9385934148830384
nc231213_Sn_id0301, 1.8416370304561696
nc231213_Sn_id0302, 1.4253717353105098
nc231213_Sn_id0303, 1.531186069711416
nc231213_Sn_id0304, 1.9913948107378445
nc231213_Sn_id0305, 1.7340712177259041
nc231213_Sn_id0306, 0.8888305971154881
nc231213_Sn_id0307, 1.036392862
nc231213_Sn_id0308, 1.9795740730095834
nc231213_Sn_id0309, 1.3553547327059217
nc231213_Sn_id0310, 0.28988441546544186
nc231213_Sn_id0311, 1.8707911434219482
nc231213_Sn_id0312, 1.5133658766707927
nc231213_Sn_id0313, 0.7060450050199958
nc231213_Sn_id0314, 0.5236832239142477
nc231213_Sn_id0315, 0.3807292295065252
nc231213_Sn_id0316, 1.3070262720045585
nc231213_Sn_id0317, 1.8086361281723988
nc231213_Sn_id0318, 1.9064354968426873
nc231213_Sn_id0319, 0.9326215667647673
nc231213_Sn_id0320, 0.2727209158910621
nc231213_Sn_id0321, 1.9194192523297273
nc231213_Sn_id0322, 0.3151904412695924
nc231213_Sn_id0323, 0.9663880309685438
nc231213_Sn_id0324, 0.5409187531144182
nc231213_Sn_id0325, 0.9800713903074588
nc231213_Sn_id0326, 0.5635177638171973
nc231213_Sn_id0327, 0.8308826214944369
nc231213_Sn_id0328, 1.4543996421755232
nc231213_Sn_id0329, 1.3374841558280404
nc231213_Sn_id0330, 1.9938528886751705
nc231213_Sn_id0331, 1.8704753849564228
nc231213_Sn_id0332, 0.3978087597718887
nc231213_Sn_id0333, 1.1296507494551074
nc231213_Sn_id0334, 0.8270585936575884
nc231213_Sn_id0335, 1.0212929422085808
nc231213_Sn_id0336, 1.8144761626046881
nc231213_Sn_id0337, 1.736474358858774
nc231213_Sn_id0338, 0.8255051782217988
nc231213_Sn_id0339, 0.38614977808194517
nc231213_Sn_id0340, 1.3236568767235954
nc231213_Sn_id0341, 1.875072508548687
nc231213_Sn_id0342, 1.0427968128102132
nc231213_Sn_id0343, 1.5716604085905483
nc231213_Sn_id0344, 1.465656383603561
nc231213_Sn_id0345, 0.7892702439825194
nc231213_Sn_id0346, 1.3366065671181726
nc231213_Sn_id0347, 0.5351271204368748
nc231213_Sn_id0348, 0.3819461865403247
nc231213_Sn_id0349, 0.7593328768571465
nc231213_Sn_id0350, 0.548981245
nc231213_Sn_id0351, 0.29531201627348386
nc231213_Sn_id0352, 1.0794788648692015
nc231213_Sn_id0353, 0.5077429337730452
nc231213_Sn_id0354, 0.25657530315156074
nc231213_Sn_id0355, 1.9915768121672397
nc231213_Sn_id0356, 1.6123721620585079
nc231213_Sn_id0357, 1.2880481889584985
nc231213_Sn_id0358, 1.9611017427007906
nc231213_Sn_id0359, 0.5149041992935867
nc231213_Sn_id0360, 0.3652406577735948
nc231213_Sn_id0361, 0.7090688973748661
nc231213_Sn_id0362, 0.6211655709563487
nc231213_Sn_id0363, 1.4525764411075235
nc231213_Sn_id0364, 1.8857482306949283
nc231213_Sn_id0365, 1.0094652488060327
nc231213_Sn_id0366, 1.7557345891806548
nc231213_Sn_id0367, 1.1969272041049615
nc231213_Sn_id0368, 0.9104829854018889
nc231213_Sn_id0369, 0.5491692809535352
nc231213_Sn_id0370, 0.9126128932094338
nc231213_Sn_id0371, 1.4967225537986366
nc231213_Sn_id0372, 0.993001298
nc231213_Sn_id0373, 0.27450209540535186
nc231213_Sn_id0374, 0.5270589211579338
nc231213_Sn_id0375, 1.0335355234140744
nc231213_Sn_id0376, 0.3725521139146359
nc231213_Sn_id0377, 1.2846214906018987
nc231213_Sn_id0378, 0.913621572
nc231213_Sn_id0379, 0.7246255188502557
nc231213_Sn_id0380, 1.712062719023779
nc231213_Sn_id0381, 1.867844909349361
nc231213_Sn_id0382, 0.7714292952647139
nc231213_Sn_id0383, 0.6076548541396114
nc231213_Sn_id0384, 1.1114848358820275
nc231213_Sn_id0385, 0.5030072773886327
nc231213_Sn_id0386, 1.278552375813637
nc231213_Sn_id0387, 1.2811742048619565
nc231213_Sn_id0388, 1.4465266970737827
nc231213_Sn_id0389, 0.4466803104158053
nc231213_Sn_id0390, 1.0184694381840402
nc231213_Sn_id0391, 0.5534995659254003
nc231213_Sn_id0392, 0.4804925154329641
nc231213_Sn_id0393, 1.2677080398586762
nc231213_Sn_id0394, 0.9045521901882687
nc231213_Sn_id0395, 1.5996741057280859
nc231213_Sn_id0396, 0.5454007460440884
nc231213_Sn_id0397, 0.3120045266544438
nc231213_Sn_id0398, 0.6191343937552296
nc231213_Sn_id0399, 1.5008093297493668
nc231213_Sn_id0400, 1.3350028189183465
nc231213_Sn_id0401, 1.4109393603416553
nc231213_Sn_id0402, 1.471753279793932
nc231213_Sn_id0403, 0.5687104072903264
nc231213_Sn_id0404, 1.145580705
nc231213_Sn_id0405, 0.901270691
nc231213_Sn_id0406, 1.8333887924434233
nc231213_Sn_id0407, 1.3349697792585633
nc231213_Sn_id0408, 0.40067458904464326
nc231213_Sn_id0409, 1.807528985546003
nc231213_Sn_id0410, 1.3296896060279089
nc231213_Sn_id0411, 1.7988663968391259
nc231213_Sn_id0412, 1.3224023455406873
nc231213_Sn_id0413, 1.0476375915164522
nc231213_Sn_id0414, 0.2895241229741712
nc231213_Sn_id0415, 1.4821047911536762
nc231213_Sn_id0416, 0.848919039
nc231213_Sn_id0417, 0.6605822481249073
nc231213_Sn_id0418, 0.264136379
nc231213_Sn_id0419, 0.7201989413041752
nc231213_Sn_id0420, 1.962101420603222
nc231213_Sn_id0421, 1.6275125689522068
nc231213_Sn_id0422, 1.0346086318893641
nc231213_Sn_id0423, 0.295434113
nc231213_Sn_id0424, 1.6721094692743117
nc231213_Sn_id0425, 0.7336281825681641
nc231213_Sn_id0426, 1.4759748612962076
nc231213_Sn_id0427, 1.1349970065232604
nc231213_Sn_id0428, 1.765397127914301
nc231213_Sn_id0429, 0.5515633971466443
nc231213_Sn_id0430, 0.7082249524017661
nc231213_Sn_id0431, 0.4988884847761467
nc231213_Sn_id0432, 1.628667722
nc231213_Sn_id0433, 1.5503461844947823
nc231213_Sn_id0434, 1.385230962349062
nc231213_Sn_id0435, 0.9572171808497845
nc231213_Sn_id0436, 1.3969959578655953
nc231213_Sn_id0437, 0.5293395518517521
nc231213_Sn_id0438, 1.116449301924451
nc231213_Sn_id0439, 1.5934537265123887
nc231213_Sn_id0440, 0.3436511962677872
nc231213_Sn_id0441, 0.5301321281476434
nc231213_Sn_id0442, 1.8245228959386472
nc231213_Sn_id0443, 1.3755506292918978
nc231213_Sn_id0444, 1.1347603041512655
nc231213_Sn_id0445, 1.9701009485152636
nc231213_Sn_id0446, 0.29457016455488405
nc231213_Sn_id0447, 0.7778089423303878
nc231213_Sn_id0448, 1.0058141854346592
nc231213_Sn_id0449, 1.8232981668576171
nc231213_Sn_id0450, 1.4563532251188045
nc231213_Sn_id0451, 1.674748509914746
nc231213_Sn_id0452, 1.9045237074006633
nc231213_Sn_id0453, 1.076472714814423
nc231213_Sn_id0454, 0.5769365260042454
nc231213_Sn_id0455, 1.2660836790882293
nc231213_Sn_id0456, 0.7508752080617531
nc231213_Sn_id0457, 0.6820019522340874
nc231213_Sn_id0458, 1.522057845200826
nc231213_Sn_id0459, 0.400689589
nc231213_Sn_id0460, 0.615310531
nc231213_Sn_id0461, 0.44908511495572245
nc231213_Sn_id0462, 1.6831166846428744
nc231213_Sn_id0463, 1.0692530769525295
nc231213_Sn_id0464, 1.6765725461399825
nc231213_Sn_id0465, 0.5815850630251362
nc231213_Sn_id0466, 0.6101202883075337
nc231213_Sn_id0467, 0.4919865484006358
nc231213_Sn_id0468, 0.529869789
nc231213_Sn_id0469, 0.2924964592059258
nc231213_Sn_id0470, 1.5076526280784934
nc231213_Sn_id0471, 0.7381095406135528
nc231213_Sn_id0472, 1.1786547889701215
nc231213_Sn_id0473, 0.8838934656520361
nc231213_Sn_id0474, 0.906582452
nc231213_Sn_id0475, 1.0687492113999686
nc231213_Sn_id0476, 0.8450557670875671
nc231213_Sn_id0477, 1.8215920905996899
nc231213_Sn_id0478, 0.9580942692286156
nc231213_Sn_id0479, 0.3036257861533349
nc231213_Sn_id0480, 1.873208294162685
nc231213_Sn_id0481, 1.3588314140222935
nc231213_Sn_id0482, 1.1645753471162517
nc231213_Sn_id0483, 0.6233752069048928
nc231213_Sn_id0484, 1.2559172467506268
nc231213_Sn_id0485, 1.4606683459526262
nc231213_Sn_id0486, 1.417664989754449
nc231213_Sn_id0487, 0.3749342723190445
nc231213_Sn_id0488, 1.8752534441312174
nc231213_Sn_id0489, 0.3233950259499041
nc231213_Sn_id0490, 1.1423736558821298
nc231213_Sn_id0491, 0.9337504758463194
nc231213_Sn_id0492, 0.6238359759762739
nc231213_Sn_id0493, 0.6700781098114144
nc231213_Sn_id0494, 0.3670109384896004
nc231213_Sn_id0495, 0.5194972490036244
nc231213_Sn_id0496, 1.204592768643314
nc231213_Sn_id0497, 0.9244744382504223
nc231213_Sn_id0498, 0.3817138331028698
nc231213_Sn_id0499, 0.31586546285573835
nc231213_Sn_id0500, 1.3565649166778329
nc231213_Sn_id0501, 0.3256244696792132
nc231213_Sn_id0502, 0.6884926847627175
nc231213_Sn_id0503, 1.713624470731674
nc231213_Sn_id0504, 0.2901027006127319
nc231213_Sn_id0505, 1.859600360548204
nc231213_Sn_id0506, 1.2975055930114505
nc231213_Sn_id0507, 0.8348837512194678
nc231213_Sn_id0508, 1.6698061041244823
nc231213_Sn_id0509, 0.2776933921114372
nc231213_Sn_id0510, 1.7679073258763944
nc231213_Sn_id0511, 1.2379176067424162
nc231213_Sn_id0512, 0.8934686189179168
nc231213_Sn_id0513, 1.7100184716185254
nc231213_Sn_id0514, 1.9518009130486056
nc231213_Sn_id0515, 1.3953886059702136
nc231213_Sn_id0516, 1.424013865422027
nc231213_Sn_id0517, 1.6101828840271868
nc231213_Sn_id0518, 0.5864527336435537
nc231213_Sn_id0519, 0.6860904150542144
nc231213_Sn_id0520, 1.781030683471187
nc231213_Sn_id0521, 1.320889255271271
nc231213_Sn_id0522, 0.7092655847854483
nc231213_Sn_id0523, 1.9448832829733451
nc231213_Sn_id0524, 1.3992331415111785
nc231213_Sn_id0525, 0.3200808645143882
nc231213_Sn_id0526, 1.011087739823902
nc231213_Sn_id0527, 1.2821616401940195
nc231213_Sn_id0528, 0.4690691466584631
nc231213_Sn_id0529, 0.3204268372640967
nc231213_Sn_id0530, 0.5022106311246655
nc231213_Sn_id0531, 1.856987392214652
nc231213_Sn_id0532, 1.470127799327811
nc231213_Sn_id0533, 0.3240024800994548
nc231213_Sn_id0534, 0.29404934320515935
nc231213_Sn_id0535, 1.6224982572065163
nc231213_Sn_id0536, 1.073556466250289
nc231213_Sn_id0537, 1.4729095383275006
nc231213_Sn_id0538, 0.921648757
nc231213_Sn_id0539, 0.9575354073933726
nc231213_Sn_id0540, 1.7598339451461715
nc231213_Sn_id0541, 1.987293046494502
nc231213_Sn_id0542, 1.3548743205153264
nc231213_Sn_id0543, 1.8211702412483501
nc231213_Sn_id0544, 0.3623623202335132
nc231213_Sn_id0545, 1.0829504749688366
nc231213_Sn_id0546, 1.9021926706825636
nc231213_Sn_id0547, 1.9098938745885004
nc231213_Sn_id0548, 1.9019999066771744
nc231213_Sn_id0549, 0.3582938784447147
nc231213_Sn_id0550, 1.7237129502416668
nc231213_Sn_id0551, 0.3412296106949605
nc231213_Sn_id0552, 0.809721801
nc231213_Sn_id0553, 1.2450044543969299
nc231213_Sn_id0554, 0.49881769904386025
nc231213_Sn_id0555, 0.2546324440325042
nc231213_Sn_id0556, 1.4215705821144804
nc231213_Sn_id0557, 0.7665051033064625
nc231213_Sn_id0558, 1.9582803075632833
nc231213_Sn_id0559, 1.1905675094278554
nc231213_Sn_id0560, 0.4474725036335182
nc231213_Sn_id0561, 0.32753643370470864
nc231213_Sn_id0562, 1.3405258730148186
nc231213_Sn_id0563, 1.9246684247635328
nc231213_Sn_id0564, 1.1818040762275195
nc231213_Sn_id0565, 0.7851385466700189
nc231213_Sn_id0566, 1.5755917830124868
nc231213_Sn_id0567, 1.8809370256360434
nc231213_Sn_id0568, 1.5089623514316703
nc231213_Sn_id0569, 0.9642816214606152
nc231213_Sn_id0570, 0.5398693300133284
nc231213_Sn_id0571, 1.356689869799533
nc231213_Sn_id0572, 1.2497200296781552
nc231213_Sn_id0573, 1.8845538728572395
nc231213_Sn_id0574, 1.1131714470164424
nc231213_Sn_id0575, 1.197761451250038
nc231213_Sn_id0576, 0.6828549098489827
nc231213_Sn_id0577, 1.5469066433979957
nc231213_Sn_id0578, 0.4274280677117287
nc231213_Sn_id0579, 1.5962729740205992
nc231213_Sn_id0580, 1.057829326192421
nc231213_Sn_id0581, 1.4970858695301827
nc231213_Sn_id0582, 1.8643255302918431
nc231213_Sn_id0583, 0.7060424501530094
nc231213_Sn_id0584, 0.6507887330788926
nc231213_Sn_id0585, 1.3306552711595896
nc231213_Sn_id0586, 0.4302335013738915
nc231213_Sn_id0587, 1.8078975475483043
nc231213_Sn_id0588, 1.3325388035576653
nc231213_Sn_id0589, 0.8067511440671471
nc231213_Sn_id0590, 1.723265879712833
nc231213_Sn_id0591, 1.0756717875095652
nc231213_Sn_id0592, 0.9635195142192035
nc231213_Sn_id0593, 0.6126720510093631
nc231213_Sn_id0594, 0.5867014616599617
nc231213_Sn_id0595, 0.4837732326620317
nc231213_Sn_id0596, 1.2765388919036709
nc231213_Sn_id0597, 1.4006170530811866
nc231213_Sn_id0598, 1.9266909422223393
nc231213_Sn_id0599, 0.8488869340306364
nc231213_Sn_id0600, 1.669389090674961
nc231213_Sn_id0601, 0.7281812804794414
nc231213_Sn_id0602, 0.2977194378421591
nc231213_Sn_id0603, 1.4631614884296535
nc231213_Sn_id0604, 1.4174154978423334
nc231213_Sn_id0605, 0.9729719777632928
nc231213_Sn_id0606, 1.2842865508090882
nc231213_Sn_id0607, 1.1839774510087633
nc231213_Sn_id0608, 0.9032422255799991
nc231213_Sn_id0609, 1.471442835
nc231213_Sn_id0610, 0.998828631
nc231213_Sn_id0611, 0.43066581550686267
nc231213_Sn_id0612, 1.2370028641315665
nc231213_Sn_id0613, 1.1234672462466495
nc231213_Sn_id0614, 1.587289167266145
nc231213_Sn_id0615, 0.6796234832209893
nc231213_Sn_id0616, 0.6083845245777908
nc231213_Sn_id0617, 0.8132245263863598
nc231213_Sn_id0618, 0.3799238796705129
nc231213_Sn_id0619, 1.5941679079721651
nc231213_Sn_id0620, 1.4655480409957777
nc231213_Sn_id0621, 0.7872886976362753
nc231213_Sn_id0622, 1.0024169997551478
nc231213_Sn_id0623, 1.8685315632819894
nc231213_Sn_id0624, 0.4159787612809335
nc231213_Sn_id0625, 1.5860147042390167
nc231213_Sn_id0626, 1.4046276784068366
nc231213_Sn_id0627, 1.2506185503438256
nc231213_Sn_id0628, 0.6789156802590883
nc231213_Sn_id0629, 0.7107352558056522
nc231213_Sn_id0630, 1.085513930932185
nc231213_Sn_id0631, 1.5359674127414806
nc231213_Sn_id0632, 1.3306449895529642
nc231213_Sn_id0633, 0.3151032860968195
nc231213_Sn_id0634, 1.4068183822443157
nc231213_Sn_id0635, 1.0086157734709496
nc231213_Sn_id0636, 1.599327565793958
nc231213_Sn_id0637, 0.8475911337578848
nc231213_Sn_id0638, 0.7062996716595066
nc231213_Sn_id0639, 0.9608234096922488
nc231213_Sn_id0640, 1.5386846197482535
nc231213_Sn_id0641, 1.9974655794619633
nc231213_Sn_id0642, 1.1527991669184492
nc231213_Sn_id0643, 0.6846259028999069
nc231213_Sn_id0644, 0.35433124900037616
nc231213_Sn_id0645, 1.3197084456056487
nc231213_Sn_id0646, 0.9605469654486033
nc231213_Sn_id0647, 0.9360421476195764
nc231213_Sn_id0648, 1.6499484975420442
nc231213_Sn_id0649, 0.3708883044136889
nc231213_Sn_id0650, 1.2833224627072746
nc231213_Sn_id0651, 1.5406976943025321
nc231213_Sn_id0652, 1.1999626343719143
nc231213_Sn_id0653, 0.47615483434423106
nc231213_Sn_id0654, 1.7965419814850965
nc231213_Sn_id0655, 1.2087113153668223
nc231213_Sn_id0656, 1.4753138980561085
nc231213_Sn_id0657, 1.2817379824823472
nc231213_Sn_id0658, 1.9196827469474456
nc231213_Sn_id0659, 0.44927847865011594
nc231213_Sn_id0660, 0.6144193747992599
nc231213_Sn_id0661, 1.4046862748987037
nc231213_Sn_id0662, 1.592450096822967
nc231213_Sn_id0663, 0.747919153
nc231213_Sn_id0664, 1.241815250702981
nc231213_Sn_id0665, 1.6940287072169076
nc231213_Sn_id0666, 0.9024178751052796
nc231213_Sn_id0667, 1.1464513357118562
nc231213_Sn_id0668, 0.8854939304404517
nc231213_Sn_id0669, 1.3750430510350287
nc231213_Sn_id0670, 1.4225104950370189
nc231213_Sn_id0671, 1.5110260796851633
nc231213_Sn_id0672, 1.0020625735964117
nc231213_Sn_id0673, 0.8254967122323261
nc231213_Sn_id0674, 1.0204194765914638
nc231213_Sn_id0675, 0.2996548579103022
nc231213_Sn_id0676, 0.6329112557012151
nc231213_Sn_id0677, 0.8318793794105098
nc231213_Sn_id0678, 0.8207932375472079
nc231213_Sn_id0679, 0.40574371775260065
nc231213_Sn_id0680, 0.5682373938581319
nc231213_Sn_id0681, 1.4379382430973695
nc231213_Sn_id0682, 1.5422765978191235
nc231213_Sn_id0683, 0.5797907336893797
nc231213_Sn_id0684, 0.4771150845809704
nc231213_Sn_id0685, 1.3738000976626517
nc231213_Sn_id0686, 0.467799293
nc231213_Sn_id0687, 1.4409706224702186
nc231213_Sn_id0688, 1.6645402391126891
nc231213_Sn_id0689, 1.481565525096049
nc231213_Sn_id0690, 0.5670835760574076
nc231213_Sn_id0691, 1.1330723701875374
nc231213_Sn_id0692, 1.1060326344761076
nc231213_Sn_id0693, 0.8653550590729109
nc231213_Sn_id0694, 0.4362767281105209
nc231213_Sn_id0695, 1.5363309640579517
nc231213_Sn_id0696, 1.7211368813078938
nc231213_Sn_id0697, 1.5589836920336884
nc231213_Sn_id0698, 0.4496726760818169
nc231213_Sn_id0699, 1.1707436455391362
nc231213_Sn_id0700, 0.4301625326431301
nc231213_Sn_id0701, 1.5689825095462684
nc231213_Sn_id0702, 1.8790689252647645
nc231213_Sn_id0703, 0.9485504740047191
nc231213_Sn_id0704, 1.7653396334704499
nc231213_Sn_id0705, 1.4650186522796853
nc231213_Sn_id0706, 1.6851779906433852
nc231213_Sn_id0707, 1.9020128015282236
nc231213_Sn_id0708, 0.3724972213390548
nc231213_Sn_id0709, 0.7447554225650039
nc231213_Sn_id0710, 1.3831391415184153
nc231213_Sn_id0711, 0.8901711972413667
nc231213_Sn_id0712, 1.843543373964658
nc231213_Sn_id0713, 1.4757595035222653
nc231213_Sn_id0714, 0.27518687977581224
nc231213_Sn_id0715, 1.869408666425127
nc231213_Sn_id0716, 0.2569050491773174
nc231213_Sn_id0717, 1.3668915436118707
nc231213_Sn_id0718, 0.3142101812860898
nc231213_Sn_id0719, 0.7237611318627757
nc231213_Sn_id0720, 1.728631289387729
nc231213_Sn_id0721, 1.4032532884612836
nc231213_Sn_id0722, 0.7940955217343714
nc231213_Sn_id0723, 0.6832207732898319
nc231213_Sn_id0724, 1.5902450239772687
nc231213_Sn_id0725, 1.2567152454847843
nc231213_Sn_id0726, 1.2030100840726887
nc231213_Sn_id0727, 1.0135276936197448
nc231213_Sn_id0728, 1.095947446727423
nc231213_Sn_id0729, 0.3188162897074256
nc231213_Sn_id0730, 0.5505044923116075
nc231213_Sn_id0731, 1.7292816899761638
nc231213_Sn_id0732, 1.7738318005420428
nc231213_Sn_id0733, 1.871768531755237
nc231213_Sn_id0734, 0.6887272261824219
nc231213_Sn_id0735, 1.9226516880244309
nc231213_Sn_id0736, 1.076038075031894
nc231213_Sn_id0737, 1.1228997179885023
nc231213_Sn_id0738, 1.6385275400341899
nc231213_Sn_id0739, 1.3073417196643542
nc231213_Sn_id0740, 0.41284325591430127
nc231213_Sn_id0741, 0.3501316775722007
nc231213_Sn_id0742, 0.694909405
nc231213_Sn_id0743, 1.2884143530501653
nc231213_Sn_id0744, 0.48444160068730724
nc231213_Sn_id0745, 1.0065550345468344
nc231213_Sn_id0746, 0.7703926364665564
nc231213_Sn_id0747, 0.8767662840485912
nc231213_Sn_id0748, 1.203252857931032
nc231213_Sn_id0749, 1.495225401717187
nc231213_Sn_id0750, 1.991120973776308
nc231213_Sn_id0751, 0.49492325555799965
nc231213_Sn_id0752, 0.39865562573811786
nc231213_Sn_id0753, 1.9814287329999969
nc231213_Sn_id0754, 0.34257351579972367
nc231213_Sn_id0755, 0.28503129482258505
nc231213_Sn_id0756, 0.526015417
nc231213_Sn_id0757, 0.36531949753873755
nc231213_Sn_id0758, 0.8426513301933416
nc231213_Sn_id0759, 0.9683768621114195
nc231213_Sn_id0760, 1.2995548993171795
nc231213_Sn_id0761, 1.0749850289105662
nc231213_Sn_id0762, 1.265712683114038
nc231213_Sn_id0763, 1.2743845026649698
nc231213_Sn_id0764, 0.38874909574692174
nc231213_Sn_id0765, 1.0950141604113506
nc231213_Sn_id0766, 1.972452802558366
nc231213_Sn_id0767, 1.2733523345449758
nc231213_Sn_id0768, 0.3532539941220888
nc231213_Sn_id0769, 0.5550866394891705
nc231213_Sn_id0770, 1.174224430112044
nc231213_Sn_id0771, 1.2236712472522568
nc231213_Sn_id0772, 0.3784423292005681
nc231213_Sn_id0773, 1.0408252517587737
nc231213_Sn_id0774, 1.067833654
nc231213_Sn_id0775, 1.7996877051971385
nc231213_Sn_id0776, 0.7263957674534492
nc231213_Sn_id0777, 0.8149441915302066
nc231213_Sn_id0778, 1.1991140620769274
nc231213_Sn_id0779, 0.5919482694170707
nc231213_Sn_id0780, 1.1227768051988294
nc231213_Sn_id0781, 0.7599878007665747
nc231213_Sn_id0782, 1.5618967653575146
nc231213_Sn_id0783, 0.6408905930868554
nc231213_Sn_id0784, 1.7566412773226348
nc231213_Sn_id0785, 1.7212194214249763
nc231213_Sn_id0786, 1.3067572894851427
nc231213_Sn_id0787, 0.38300922415740707
nc231213_Sn_id0788, 0.5108457835497343
nc231213_Sn_id0789, 0.5003602142694134
nc231213_Sn_id0790, 0.4358142656916457
nc231213_Sn_id0791, 1.759280844993369
nc231213_Sn_id0792, 1.2944971049122578
nc231213_Sn_id0793, 0.8117640847235988
nc231213_Sn_id0794, 1.8080923442951973
nc231213_Sn_id0795, 1.9605649176196267
nc231213_Sn_id0796, 1.409523538424512
nc231213_Sn_id0797, 1.3091043804573772
nc231213_Sn_id0798, 0.32566766049276885
nc231213_Sn_id0799, 0.5044683816243999
nc231213_Sn_id0800, 1.8408038166307517
nc231213_Sn_id0801, 0.6764084452221478
nc231213_Sn_id0802, 0.5386848590592006
nc231213_Sn_id0803, 1.9806366210256734
nc231213_Sn_id0804, 1.2604101613883614
nc231213_Sn_id0805, 0.41909605545897294
nc231213_Sn_id0806, 0.9820602662206968
nc231213_Sn_id0807, 0.4153334797361792
nc231213_Sn_id0808, 0.2981053310638826
nc231213_Sn_id0809, 0.8037200698749608
nc231213_Sn_id0810, 0.46663571376982593
nc231213_Sn_id0811, 0.8549310027380118
nc231213_Sn_id0812, 0.3293213490434985
nc231213_Sn_id0813, 0.7275632282375311
nc231213_Sn_id0814, 0.540934926
nc231213_Sn_id0815, 0.9042361517604995
nc231213_Sn_id0816, 0.2982781266073001
nc231213_Sn_id0817, 0.5344770275633344
nc231213_Sn_id0818, 1.5878541432882936
nc231213_Sn_id0819, 0.7772856729465799
nc231213_Sn_id0820, 0.41591897223670127
nc231213_Sn_id0821, 1.7192918150096588
nc231213_Sn_id0822, 0.5476323273197026
nc231213_Sn_id0823, 1.2636296203488913
nc231213_Sn_id0824, 1.7500302187298122
nc231213_Sn_id0825, 0.3551801287976659
nc231213_Sn_id0826, 1.014019313433712
nc231213_Sn_id0827, 0.36518960749977675
nc231213_Sn_id0828, 1.7779990257876988
nc231213_Sn_id0829, 0.2528412527000503
nc231213_Sn_id0830, 0.28849364188837967
nc231213_Sn_id0831, 1.0238171573870183
nc231213_Sn_id0832, 1.2603971927211055
nc231213_Sn_id0833, 0.47175359318010224
nc231213_Sn_id0834, 1.3764975126551797
nc231213_Sn_id0835, 1.0927435517062687
nc231213_Sn_id0836, 0.7233668664518939
nc231213_Sn_id0837, 0.9175521002200664
nc231213_Sn_id0838, 1.1051090273669937
nc231213_Sn_id0839, 1.1515971953397348
nc231213_Sn_id0840, 0.5009270165388648
nc231213_Sn_id0841, 0.8296580531912267
nc231213_Sn_id0842, 1.1505881019647672
nc231213_Sn_id0843, 0.2984391959693393
nc231213_Sn_id0844, 0.26948598473070934
nc231213_Sn_id0845, 1.0633191934719166
nc231213_Sn_id0846, 0.7858014891019656
nc231213_Sn_id0847, 1.8613563662692405
nc231213_Sn_id0848, 1.7925047996912014
nc231213_Sn_id0849, 1.1501534594378429
nc231213_Sn_id0850, 0.4013965334113792
nc231213_Sn_id0851, 1.1698461193315541
nc231213_Sn_id0852, 1.2717423283765115
nc231213_Sn_id0853, 1.7215920741133697
nc231213_Sn_id0854, 0.7515587180631943
nc231213_Sn_id0855, 1.0252531902193551
nc231213_Sn_id0856, 0.6468804806810726
nc231213_Sn_id0857, 0.5967846721182526
nc231213_Sn_id0858, 0.44811799147500947
nc231213_Sn_id0859, 0.8604471700804794
nc231213_Sn_id0860, 0.5717899383624805
nc231213_Sn_id0861, 0.850724865
nc231213_Sn_id0862, 0.6587879335444039
nc231213_Sn_id0863, 1.0473877254850479
nc231213_Sn_id0864, 1.815344693
nc231213_Sn_id0865, 1.9492002599883542
nc231213_Sn_id0866, 0.3442794700791286
nc231213_Sn_id0867, 0.6594612635681221
nc231213_Sn_id0868, 1.4112358389102047
nc231213_Sn_id0869, 1.5749000545166592
nc231213_Sn_id0870, 0.813261323
nc231213_Sn_id0871, 0.6883042955139369
nc231213_Sn_id0872, 1.5441361910549218
nc231213_Sn_id0873, 0.3321792278052099
nc231213_Sn_id0874, 0.9554447936942756
nc231213_Sn_id0875, 1.7872223065834751
nc231213_Sn_id0876, 1.358055293626029
nc231213_Sn_id0877, 1.488015072705959
nc231213_Sn_id0878, 1.9413391424072757
nc231213_Sn_id0879, 0.9748077384728739
nc231213_Sn_id0880, 0.30073226438849376
nc231213_Sn_id0881, 1.6327473957732028
nc231213_Sn_id0882, 0.6617375883275505
nc231213_Sn_id0883, 1.6183589722260778
nc231213_Sn_id0884, 1.984909127216916
nc231213_Sn_id0885, 0.9119212336072591
nc231213_Sn_id0886, 1.7279145151773878
nc231213_Sn_id0887, 0.6544463074136272
nc231213_Sn_id0888, 0.32969018298106345
nc231213_Sn_id0889, 1.032475594139476
nc231213_Sn_id0890, 1.5350109080634935
nc231213_Sn_id0891, 0.7065499748436094
nc231213_Sn_id0892, 1.6125835215750315
nc231213_Sn_id0893, 1.6605301003788835
nc231213_Sn_id0894, 1.0984489241171582
nc231213_Sn_id0895, 1.8863092166628257
nc231213_Sn_id0896, 1.9822699331762643
nc231213_Sn_id0897, 1.0503076115620018
nc231213_Sn_id0898, 1.4525105418428925
nc231213_Sn_id0899, 1.164101100901623
nc231213_Sn_id0900, 1.3101858305962735
nc231213_Sn_id0901, 1.5149762028036629
nc231213_Sn_id0902, 1.524718537482476
nc231213_Sn_id0903, 1.1817723140984882
nc231213_Sn_id0904, 0.6287319057868975
nc231213_Sn_id0905, 0.5364987894416879
nc231213_Sn_id0906, 1.359562772945928
nc231213_Sn_id0907, 1.6403802268963084
nc231213_Sn_id0908, 1.8613940427767188
nc231213_Sn_id0909, 1.2216798006824119
nc231213_Sn_id0910, 0.9597976248070331
nc231213_Sn_id0911, 0.5130459605220332
nc231213_Sn_id0912, 1.4114312935203306
nc231213_Sn_id0913, 0.5851831822150685
nc231213_Sn_id0914, 1.5885497453180977
nc231213_Sn_id0915, 0.8921493301303136
nc231213_Sn_id0916, 0.7446674871288057
nc231213_Sn_id0917, 0.9377562255075054
nc231213_Sn_id0918, 1.0843318766043106
nc231213_Sn_id0919, 1.5094590313309577
nc231213_Sn_id0920, 0.9382159865788848
nc231213_Sn_id0921, 0.8967881776956588
nc231213_Sn_id0922, 0.9630540318338991
nc231213_Sn_id0923, 1.4760350995420586
nc231213_Sn_id0924, 1.6662258316049288
nc231213_Sn_id0925, 1.510743217787297
nc231213_Sn_id0926, 0.918309092
nc231213_Sn_id0927, 0.737190933
nc231213_Sn_id0928, 0.8380571496273229
nc231213_Sn_id0929, 0.7691606459620349
nc231213_Sn_id0930, 0.7296433513170666
nc231213_Sn_id0931, 0.3448044127748753
nc231213_Sn_id0932, 1.0804137766681514
nc231213_Sn_id0933, 0.40892578725204887
nc231213_Sn_id0934, 1.4958595586265402
nc231213_Sn_id0935, 0.9272403911044362
nc231213_Sn_id0936, 1.592159527155341
nc231213_Sn_id0937, 1.438592459568022
nc231213_Sn_id0938, 0.6923169416872524
nc231213_Sn_id0939, 0.7914479764346696
nc231213_Sn_id0940, 0.552998023
nc231213_Sn_id0941, 1.3467206969031134
nc231213_Sn_id0942, 0.615958241
nc231213_Sn_id0943, 1.6673752550115486
nc231213_Sn_id0944, 1.1527053951869601
nc231213_Sn_id0945, 0.593175071
nc231213_Sn_id0946, 0.6929168009456964
nc231213_Sn_id0947, 0.31296253675877306
nc231213_Sn_id0948, 1.341529466061684
nc231213_Sn_id0949, 1.7233992137416267
nc231213_Sn_id0950, 0.25619891268119466
nc231213_Sn_id0951, 1.0073575058573871
nc231213_Sn_id0952, 0.27194315720594653
nc231213_Sn_id0953, 1.5684446778393577
nc231213_Sn_id0954, 1.3997508266327117
nc231213_Sn_id0955, 0.8208209169492935
nc231213_Sn_id0956, 1.0583414862447675
nc231213_Sn_id0957, 1.0993062227960833
nc231213_Sn_id0958, 0.7609106666504521
nc231213_Sn_id0959, 1.638621526449542
nc231213_Sn_id0960, 0.9042802345825305
nc231213_Sn_id0961, 0.42153514356251565
nc231213_Sn_id0962, 0.5728560705380165
nc231213_Sn_id0963, 1.9046041349546639
nc231213_Sn_id0964, 0.36828697734843546
nc231213_Sn_id0965, 0.5969992928700634
nc231213_Sn_id0966, 1.1537279082587353
nc231213_Sn_id0967, 0.2737225144201035
nc231213_Sn_id0968, 1.7552930968090183
nc231213_Sn_id0969, 1.8858316711691951
nc231213_Sn_id0970, 1.318208572146506
nc231213_Sn_id0971, 0.9768896054020043
nc231213_Sn_id0972, 0.9660232984017522
nc231213_Sn_id0973, 0.25844864725744454
nc231213_Sn_id0974, 1.3785311879935593
nc231213_Sn_id0975, 1.876205616
nc231213_Sn_id0976, 0.4015668378141125
nc231213_Sn_id0977, 0.6905457310251297
nc231213_Sn_id0978, 1.3084736781702182
nc231213_Sn_id0979, 1.0895467025792749
nc231213_Sn_id0980, 1.0400935472622468
nc231213_Sn_id0981, 0.678399252
nc231213_Sn_id0982, 0.5126935665208966
nc231213_Sn_id0983, 0.7778445060938035
nc231213_Sn_id0984, 1.9208587091765283
nc231213_Sn_id0985, 0.6823815745664705
nc231213_Sn_id0986, 1.5723235693071247
nc231213_Sn_id0987, 0.7189421583142708
nc231213_Sn_id0988, 0.40125897243858677
nc231213_Sn_id0989, 1.4038197196720636
nc231213_Sn_id0990, 1.7800661264626314
nc231213_Sn_id0991, 1.1185382866496725
nc231213_Sn_id0992, 1.267864391180015
nc231213_Sn_id0993, 1.6397486266778762
nc231213_Sn_id0994, 0.5382004949282434
nc231213_Sn_id0995, 0.9671076984506833
nc231213_Sn_id0996, 0.6944923182958647
nc231213_Sn_id0997, 0.8923258159588872
nc231213_Sn_id0998, 1.2848829469189926
nc231213_Sn_id0999, 1.8512103072732784
nc231213_Sn_id1000, 0.8698339660584734